DATETIME,FECHA,HORA,TEMP,HUM,PNM,DD,FF,NOMBRE,DATETIME
2020-11-01 00:00:00,01112020,0,12.6,43,1022.6,320,11,CORDOBA AERO,01112020-0
2020-11-01 01:00:00,01112020,1,12.1,46,1022.6,320,11,CORDOBA AERO,01112020-1
2020-11-01 02:00:00,01112020,2,11.4,50,1022.1,340,13,CORDOBA AERO,01112020-2
2020-11-01 03:00:00,01112020,3,11.3,51,1021.4,320,13,CORDOBA AERO,01112020-3
2020-11-01 04:00:00,01112020,4,9.8,57,1020.9,320,13,CORDOBA AERO,01112020-4
2020-11-01 05:00:00,01112020,5,9.4,63,1020.9,320,13,CORDOBA AERO,01112020-5
2020-11-01 06:00:00,01112020,6,9.6,64,1020.8,340,11,CORDOBA AERO,01112020-6
2020-11-01 07:00:00,01112020,7,12.2,67,1020.9,340,11,CORDOBA AERO,01112020-7
2020-11-01 08:00:00,01112020,8,18.2,50,1021.0,20,15,CORDOBA AERO,01112020-8
2020-11-01 09:00:00,01112020,9,20.6,41,1021.1,20,20,CORDOBA AERO,01112020-9
2020-11-01 10:00:00,01112020,10,22.4,38,1020.4,50,20,CORDOBA AERO,01112020-10
2020-11-01 11:00:00,01112020,11,23.5,34,1020.0,20,17,CORDOBA AERO,01112020-11
2020-11-01 12:00:00,01112020,12,25.2,32,1018.9,20,22,CORDOBA AERO,01112020-12
2020-11-01 13:00:00,01112020,13,26.6,28,1018.1,50,19,CORDOBA AERO,01112020-13
2020-11-01 14:00:00,01112020,14,27.0,26,1017.2,50,19,CORDOBA AERO,01112020-14
2020-11-01 15:00:00,01112020,15,27.6,22,1016.3,50,22,CORDOBA AERO,01112020-15
2020-11-01 16:00:00,01112020,16,27.6,22,1015.5,50,20,CORDOBA AERO,01112020-16
2020-11-01 17:00:00,01112020,17,27.2,22,1014.9,50,22,CORDOBA AERO,01112020-17
2020-11-01 18:00:00,01112020,18,26.2,26,1014.8,70,22,CORDOBA AERO,01112020-18
2020-11-01 19:00:00,01112020,19,23.9,25,1015.3,70,28,CORDOBA AERO,01112020-19
2020-11-01 20:00:00,01112020,20,20.2,28,1015.8,70,15,CORDOBA AERO,01112020-20
2020-11-01 21:00:00,01112020,21,16.8,39,1016.9,360,7,CORDOBA AERO,01112020-21
2020-11-01 22:00:00,01112020,22,15.4,42,1017.6,320,15,CORDOBA AERO,01112020-22
2020-11-01 23:00:00,01112020,23,14.0,47,1018.2,320,11,CORDOBA AERO,01112020-23
2020-11-02 00:00:00,02112020,0,13.4,48,1018.2,320,11,CORDOBA AERO,02112020-0
2020-11-02 01:00:00,02112020,1,13.4,51,1018.1,320,11,CORDOBA AERO,02112020-1
2020-11-02 02:00:00,02112020,2,12.2,58,1017.7,340,11,CORDOBA AERO,02112020-2
2020-11-02 03:00:00,02112020,3,12.0,60,1016.9,340,11,CORDOBA AERO,02112020-3
2020-11-02 04:00:00,02112020,4,11.3,64,1016.4,340,11,CORDOBA AERO,02112020-4
2020-11-02 05:00:00,02112020,5,10.0,75,1016.0,360,11,CORDOBA AERO,02112020-5
2020-11-02 06:00:00,02112020,6,10.3,74,1016.3,340,11,CORDOBA AERO,02112020-6
2020-11-02 07:00:00,02112020,7,10.8,72,1017.0,320,4,CORDOBA AERO,02112020-7
2020-11-02 08:00:00,02112020,8,17.0,55,1017.0,20,11,CORDOBA AERO,02112020-8
2020-11-02 09:00:00,02112020,9,21.4,40,1016.4,20,28,CORDOBA AERO,02112020-9
2020-11-02 10:00:00,02112020,10,23.8,36,1016.1,20,17,CORDOBA AERO,02112020-10
2020-11-02 11:00:00,02112020,11,25.5,32,1015.7,50,19,CORDOBA AERO,02112020-11
2020-11-02 12:00:00,02112020,12,27.4,30,1015.2,50,19,CORDOBA AERO,02112020-12
2020-11-02 13:00:00,02112020,13,28.0,27,1014.3,360,24,CORDOBA AERO,02112020-13
2020-11-02 14:00:00,02112020,14,29.0,27,1013.6,50,22,CORDOBA AERO,02112020-14
2020-11-02 15:00:00,02112020,15,29.2,25,1013.0,50,31,CORDOBA AERO,02112020-15
2020-11-02 16:00:00,02112020,16,28.9,26,1012.3,70,13,CORDOBA AERO,02112020-16
2020-11-02 17:00:00,02112020,17,29.2,26,1012.0,90,19,CORDOBA AERO,02112020-17
2020-11-02 18:00:00,02112020,18,27.5,27,1012.2,70,28,CORDOBA AERO,02112020-18
2020-11-02 19:00:00,02112020,19,25.2,29,1013.2,70,22,CORDOBA AERO,02112020-19
2020-11-02 20:00:00,02112020,20,21.0,38,1013.7,50,13,CORDOBA AERO,02112020-20
2020-11-02 21:00:00,02112020,21,18.2,45,1014.6,360,11,CORDOBA AERO,02112020-21
2020-11-02 22:00:00,02112020,22,17.5,45,1015.2,340,13,CORDOBA AERO,02112020-22
2020-11-02 23:00:00,02112020,23,15.9,50,1015.6,320,11,CORDOBA AERO,02112020-23
2020-11-03 00:00:00,03112020,0,15.8,51,1015.5,320,11,CORDOBA AERO,03112020-0
2020-11-03 01:00:00,03112020,1,14.7,55,1015.8,340,11,CORDOBA AERO,03112020-1
2020-11-03 02:00:00,03112020,2,14.8,49,1015.2,340,13,CORDOBA AERO,03112020-2
2020-11-03 03:00:00,03112020,3,12.7,58,1014.6,340,11,CORDOBA AERO,03112020-3
2020-11-03 04:00:00,03112020,4,12.2,59,1014.4,340,11,CORDOBA AERO,03112020-4
2020-11-03 05:00:00,03112020,5,12.6,61,1014.4,360,11,CORDOBA AERO,03112020-5
2020-11-03 06:00:00,03112020,6,13.2,58,1014.7,360,13,CORDOBA AERO,03112020-6
2020-11-03 07:00:00,03112020,7,13.6,64,1015.3,360,9,CORDOBA AERO,03112020-7
2020-11-03 08:00:00,03112020,8,20.9,41,1015.5,360,17,CORDOBA AERO,03112020-8
2020-11-03 09:00:00,03112020,9,23.0,37,1016.3,360,26,CORDOBA AERO,03112020-9
2020-11-03 10:00:00,03112020,10,24.8,33,1016.1,20,26,CORDOBA AERO,03112020-10
2020-11-03 11:00:00,03112020,11,27.0,26,1015.8,20,26,CORDOBA AERO,03112020-11
2020-11-03 12:00:00,03112020,12,26.8,28,1015.4,20,26,CORDOBA AERO,03112020-12
2020-11-03 13:00:00,03112020,13,30.0,23,1014.5,20,28,CORDOBA AERO,03112020-13
2020-11-03 14:00:00,03112020,14,29.3,25,1014.2,50,24,CORDOBA AERO,03112020-14
2020-11-03 15:00:00,03112020,15,29.7,26,1013.8,50,30,CORDOBA AERO,03112020-15
2020-11-03 16:00:00,03112020,16,29.8,23,1013.2,50,35,CORDOBA AERO,03112020-16
2020-11-03 17:00:00,03112020,17,28.7,25,1012.7,50,31,CORDOBA AERO,03112020-17
2020-11-03 18:00:00,03112020,18,27.8,21,1013.2,70,31,CORDOBA AERO,03112020-18
2020-11-03 19:00:00,03112020,19,25.8,18,1013.8,70,22,CORDOBA AERO,03112020-19
2020-11-03 20:00:00,03112020,20,21.9,30,1014.4,70,11,CORDOBA AERO,03112020-20
2020-11-03 21:00:00,03112020,21,17.5,39,1015.5,340,9,CORDOBA AERO,03112020-21
2020-11-03 22:00:00,03112020,22,16.7,36,1016.4,340,13,CORDOBA AERO,03112020-22
2020-11-03 23:00:00,03112020,23,16.7,38,1016.6,320,13,CORDOBA AERO,03112020-23
2020-11-04 00:00:00,04112020,0,17.2,44,1017.1,360,11,CORDOBA AERO,04112020-0
2020-11-04 01:00:00,04112020,1,13.5,60,1017.2,360,7,CORDOBA AERO,04112020-1
2020-11-04 02:00:00,04112020,2,14.2,57,1017.1,340,9,CORDOBA AERO,04112020-2
2020-11-04 03:00:00,04112020,3,12.7,67,1016.3,360,9,CORDOBA AERO,04112020-3
2020-11-04 04:00:00,04112020,4,11.4,75,1016.3,340,11,CORDOBA AERO,04112020-4
2020-11-04 05:00:00,04112020,5,15.2,61,1016.4,20,11,CORDOBA AERO,04112020-5
2020-11-04 06:00:00,04112020,6,13.9,65,1016.8,360,13,CORDOBA AERO,04112020-6
2020-11-04 07:00:00,04112020,7,18.5,53,1017.1,360,19,CORDOBA AERO,04112020-7
2020-11-04 08:00:00,04112020,8,20.1,49,1017.7,20,33,CORDOBA AERO,04112020-8
2020-11-04 09:00:00,04112020,9,21.5,46,1018.4,20,37,CORDOBA AERO,04112020-9
2020-11-04 10:00:00,04112020,10,23.5,40,1018.1,20,35,CORDOBA AERO,04112020-10
2020-11-04 11:00:00,04112020,11,25.2,35,1017.2,50,37,CORDOBA AERO,04112020-11
2020-11-04 12:00:00,04112020,12,26.2,32,1016.4,20,39,CORDOBA AERO,04112020-12
2020-11-04 13:00:00,04112020,13,27.3,29,1015.7,50,33,CORDOBA AERO,04112020-13
2020-11-04 14:00:00,04112020,14,27.7,27,1014.6,20,33,CORDOBA AERO,04112020-14
2020-11-04 15:00:00,04112020,15,28.0,26,1014.2,20,30,CORDOBA AERO,04112020-15
2020-11-04 16:00:00,04112020,16,28.3,24,1013.5,20,24,CORDOBA AERO,04112020-16
2020-11-04 17:00:00,04112020,17,28.2,25,1012.0,50,30,CORDOBA AERO,04112020-17
2020-11-04 18:00:00,04112020,18,27.6,24,1011.8,50,28,CORDOBA AERO,04112020-18
2020-11-04 19:00:00,04112020,19,25.2,32,1010.9,70,13,CORDOBA AERO,04112020-19
2020-11-04 21:00:00,04112020,21,19.7,45,1013.1,50,13,CORDOBA AERO,04112020-21
2020-11-04 22:00:00,04112020,22,16.9,51,1014.0,320,17,CORDOBA AERO,04112020-22
2020-11-04 23:00:00,04112020,23,15.7,60,1014.5,320,4,CORDOBA AERO,04112020-23
2020-11-05 00:00:00,05112020,0,16.2,53,1014.1,360,17,CORDOBA AERO,05112020-0
2020-11-05 01:00:00,05112020,1,18.7,44,1013.4,20,19,CORDOBA AERO,05112020-1
2020-11-05 02:00:00,05112020,2,18.4,48,1013.2,20,22,CORDOBA AERO,05112020-2
2020-11-05 03:00:00,05112020,3,17.6,49,1012.6,20,15,CORDOBA AERO,05112020-3
2020-11-05 04:00:00,05112020,4,16.7,51,1012.3,20,24,CORDOBA AERO,05112020-4
2020-11-05 05:00:00,05112020,5,15.6,55,1012.9,50,9,CORDOBA AERO,05112020-5
2020-11-05 06:00:00,05112020,6,15.8,51,1013.0,20,24,CORDOBA AERO,05112020-6
2020-11-05 07:00:00,05112020,7,14.8,57,1014.5,20,11,CORDOBA AERO,05112020-7
2020-11-05 08:00:00,05112020,8,19.7,38,1014.8,20,28,CORDOBA AERO,05112020-8
2020-11-05 09:00:00,05112020,9,20.6,36,1015.0,20,35,CORDOBA AERO,05112020-9
2020-11-05 10:00:00,05112020,10,22.8,31,1015.1,20,33,CORDOBA AERO,05112020-10
2020-11-05 11:00:00,05112020,11,24.9,28,1014.6,20,30,CORDOBA AERO,05112020-11
2020-11-05 12:00:00,05112020,12,26.5,26,1014.1,50,26,CORDOBA AERO,05112020-12
2020-11-05 13:00:00,05112020,13,28.2,21,1013.4,50,24,CORDOBA AERO,05112020-13
2020-11-05 14:00:00,05112020,14,29.2,21,1012.9,20,22,CORDOBA AERO,05112020-14
2020-11-05 15:00:00,05112020,15,29.5,20,1012.4,90,20,CORDOBA AERO,05112020-15
2020-11-05 16:00:00,05112020,16,30.2,23,1011.8,20,17,CORDOBA AERO,05112020-16
2020-11-05 17:00:00,05112020,17,29.8,24,1011.7,90,19,CORDOBA AERO,05112020-17
2020-11-05 18:00:00,05112020,18,28.4,26,1011.9,50,13,CORDOBA AERO,05112020-18
2020-11-05 19:00:00,05112020,19,26.4,27,1012.5,70,22,CORDOBA AERO,05112020-19
2020-11-05 20:00:00,05112020,20,23.3,38,1013.5,50,17,CORDOBA AERO,05112020-20
2020-11-05 21:00:00,05112020,21,19.2,39,1015.0,360,9,CORDOBA AERO,05112020-21
2020-11-05 22:00:00,05112020,22,18.0,42,1015.8,340,13,CORDOBA AERO,05112020-22
2020-11-05 23:00:00,05112020,23,17.7,43,1016.2,340,13,CORDOBA AERO,05112020-23
2020-11-06 00:00:00,06112020,0,16.6,46,1016.7,340,9,CORDOBA AERO,06112020-0
2020-11-06 01:00:00,06112020,1,16.0,47,1016.6,360,11,CORDOBA AERO,06112020-1
2020-11-06 02:00:00,06112020,2,15.2,50,1016.0,340,7,CORDOBA AERO,06112020-2
2020-11-06 03:00:00,06112020,3,14.4,57,1015.4,340,7,CORDOBA AERO,06112020-3
2020-11-06 04:00:00,06112020,4,13.6,60,1014.9,320,9,CORDOBA AERO,06112020-4
2020-11-06 05:00:00,06112020,5,15.0,54,1014.6,340,11,CORDOBA AERO,06112020-5
2020-11-06 06:00:00,06112020,6,16.6,53,1014.6,360,9,CORDOBA AERO,06112020-6
2020-11-06 07:00:00,06112020,7,17.2,50,1014.9,340,7,CORDOBA AERO,06112020-7
2020-11-06 08:00:00,06112020,8,19.3,47,1015.5,20,7,CORDOBA AERO,06112020-8
2020-11-06 09:00:00,06112020,9,21.6,36,1015.4,20,20,CORDOBA AERO,06112020-9
2020-11-06 10:00:00,06112020,10,23.9,30,1015.1,20,22,CORDOBA AERO,06112020-10
2020-11-06 11:00:00,06112020,11,26.0,27,1014.2,50,24,CORDOBA AERO,06112020-11
2020-11-06 12:00:00,06112020,12,27.2,25,1013.7,50,22,CORDOBA AERO,06112020-12
2020-11-06 13:00:00,06112020,13,27.9,24,1012.9,20,22,CORDOBA AERO,06112020-13
2020-11-06 14:00:00,06112020,14,29.0,22,1012.1,50,22,CORDOBA AERO,06112020-14
2020-11-06 15:00:00,06112020,15,29.2,21,1011.8,50,20,CORDOBA AERO,06112020-15
2020-11-06 16:00:00,06112020,16,28.7,20,1011.4,70,26,CORDOBA AERO,06112020-16
2020-11-06 17:00:00,06112020,17,27.9,22,1011.0,90,24,CORDOBA AERO,06112020-17
2020-11-06 18:00:00,06112020,18,26.4,21,1011.3,70,22,CORDOBA AERO,06112020-18
2020-11-06 19:00:00,06112020,19,25.2,23,1012.5,90,19,CORDOBA AERO,06112020-19
2020-11-06 20:00:00,06112020,20,23.4,32,1013.8,50,7,CORDOBA AERO,06112020-20
2020-11-06 21:00:00,06112020,21,21.6,38,1014.6,340,6,CORDOBA AERO,06112020-21
2020-11-06 22:00:00,06112020,22,20.1,41,1015.8,320,11,CORDOBA AERO,06112020-22
2020-11-06 23:00:00,06112020,23,18.2,44,1016.4,320,9,CORDOBA AERO,06112020-23
2020-11-07 00:00:00,07112020,0,18.6,47,1017.0,360,6,CORDOBA AERO,07112020-0
2020-11-07 01:00:00,07112020,1,18.7,50,1017.0,360,6,CORDOBA AERO,07112020-1
2020-11-07 02:00:00,07112020,2,16.9,58,1016.9,290,7,CORDOBA AERO,07112020-2
2020-11-07 03:00:00,07112020,3,17.8,56,1016.3,320,7,CORDOBA AERO,07112020-3
2020-11-07 04:00:00,07112020,4,17.5,60,1016.1,270,6,CORDOBA AERO,07112020-4
2020-11-07 05:00:00,07112020,5,15.0,67,1016.8,290,6,CORDOBA AERO,07112020-5
2020-11-07 06:00:00,07112020,6,13.5,73,1017.7,50,4,CORDOBA AERO,07112020-6
2020-11-07 07:00:00,07112020,7,13.4,73,1018.2,320,11,CORDOBA AERO,07112020-7
2020-11-07 08:00:00,07112020,8,18.6,62,1018.7,0,0,CORDOBA AERO,07112020-8
2020-11-07 09:00:00,07112020,9,22.0,50,1018.9,90,6,CORDOBA AERO,07112020-9
2020-11-07 10:00:00,07112020,10,23.7,39,1018.8,50,13,CORDOBA AERO,07112020-10
2020-11-07 11:00:00,07112020,11,26.7,38,1018.2,20,9,CORDOBA AERO,07112020-11
2020-11-07 12:00:00,07112020,12,27.5,35,1017.7,90,15,CORDOBA AERO,07112020-12
2020-11-07 13:00:00,07112020,13,27.8,31,1017.1,70,19,CORDOBA AERO,07112020-13
2020-11-07 14:00:00,07112020,14,28.8,36,1016.4,70,19,CORDOBA AERO,07112020-14
2020-11-07 15:00:00,07112020,15,29.7,31,1015.1,70,13,CORDOBA AERO,07112020-15
2020-11-07 16:00:00,07112020,16,30.5,29,1014.2,90,17,CORDOBA AERO,07112020-16
2020-11-07 17:00:00,07112020,17,30.2,29,1013.6,90,24,CORDOBA AERO,07112020-17
2020-11-07 18:00:00,07112020,18,29.8,28,1013.8,90,20,CORDOBA AERO,07112020-18
2020-11-07 19:00:00,07112020,19,27.6,32,1014.9,20,19,CORDOBA AERO,07112020-19
2020-11-07 20:00:00,07112020,20,24.2,41,1015.6,20,13,CORDOBA AERO,07112020-20
2020-11-07 21:00:00,07112020,21,21.1,50,1016.3,360,11,CORDOBA AERO,07112020-21
2020-11-07 22:00:00,07112020,22,19.8,54,1017.2,340,9,CORDOBA AERO,07112020-22
2020-11-07 23:00:00,07112020,23,20.0,52,1017.4,340,13,CORDOBA AERO,07112020-23
2020-11-08 00:00:00,08112020,0,19.0,56,1017.5,360,11,CORDOBA AERO,08112020-0
2020-11-08 01:00:00,08112020,1,17.6,63,1017.1,340,11,CORDOBA AERO,08112020-1
2020-11-08 02:00:00,08112020,2,17.0,66,1016.4,340,11,CORDOBA AERO,08112020-2
2020-11-08 03:00:00,08112020,3,16.4,69,1015.8,340,11,CORDOBA AERO,08112020-3
2020-11-08 04:00:00,08112020,4,16.2,71,1015.4,320,4,CORDOBA AERO,08112020-4
2020-11-08 05:00:00,08112020,5,15.8,76,1015.5,340,9,CORDOBA AERO,08112020-5
2020-11-08 06:00:00,08112020,6,14.9,80,1015.9,340,7,CORDOBA AERO,08112020-6
2020-11-08 07:00:00,08112020,7,16.7,74,1016.4,320,6,CORDOBA AERO,08112020-7
2020-11-08 08:00:00,08112020,8,20.2,65,1016.6,360,4,CORDOBA AERO,08112020-8
2020-11-08 09:00:00,08112020,9,21.9,57,1016.9,20,20,CORDOBA AERO,08112020-9
2020-11-08 10:00:00,08112020,10,21.8,58,1017.2,20,11,CORDOBA AERO,08112020-10
2020-11-08 11:00:00,08112020,11,25.7,37,1017.3,20,13,CORDOBA AERO,08112020-11
2020-11-08 12:00:00,08112020,12,20.6,66,1018.0,20,15,CORDOBA AERO,08112020-12
2020-11-08 13:00:00,08112020,13,17.3,89,1018.0,340,7,CORDOBA AERO,08112020-13
2020-11-08 14:00:00,08112020,14,19.1,83,1017.3,0,0,CORDOBA AERO,08112020-14
2020-11-08 15:00:00,08112020,15,19.6,76,1016.5,110,11,CORDOBA AERO,08112020-15
2020-11-08 16:00:00,08112020,16,19.6,76,1016.6,0,0,CORDOBA AERO,08112020-16
2020-11-08 17:00:00,08112020,17,19.1,79,1016.5,0,0,CORDOBA AERO,08112020-17
2020-11-08 18:00:00,08112020,18,19.5,70,1016.1,360,6,CORDOBA AERO,08112020-18
2020-11-08 19:00:00,08112020,19,19.4,70,1015.9,0,0,CORDOBA AERO,08112020-19
2020-11-08 20:00:00,08112020,20,19.9,74,1015.9,0,0,CORDOBA AERO,08112020-20
2020-11-08 21:00:00,08112020,21,18.0,85,1016.7,0,0,CORDOBA AERO,08112020-21
2020-11-08 22:00:00,08112020,22,16.8,86,1017.5,270,6,CORDOBA AERO,08112020-22
2020-11-08 23:00:00,08112020,23,16.2,90,1017.5,270,7,CORDOBA AERO,08112020-23
2020-11-09 00:00:00,09112020,0,15.4,93,1018.1,320,7,CORDOBA AERO,09112020-0
2020-11-09 01:00:00,09112020,1,15.6,91,1018.1,340,7,CORDOBA AERO,09112020-1
2020-11-09 02:00:00,09112020,2,14.4,91,1017.3,320,6,CORDOBA AERO,09112020-2
2020-11-09 03:00:00,09112020,3,13.2,93,1017.0,320,7,CORDOBA AERO,09112020-3
2020-11-09 04:00:00,09112020,4,12.9,91,1017.2,320,59,CORDOBA AERO,09112020-4
2020-11-09 05:00:00,09112020,5,12.1,97,1017.0,320,9,CORDOBA AERO,09112020-5
2020-11-09 06:00:00,09112020,6,12.1,96,1017.3,320,6,CORDOBA AERO,09112020-6
2020-11-09 07:00:00,09112020,7,12.8,93,1017.6,340,7,CORDOBA AERO,09112020-7
2020-11-09 08:00:00,09112020,8,17.2,87,1017.4,20,13,CORDOBA AERO,09112020-8
2020-11-09 09:00:00,09112020,9,19.2,80,1017.0,20,19,CORDOBA AERO,09112020-9
2020-11-09 10:00:00,09112020,10,20.9,64,1016.8,20,19,CORDOBA AERO,09112020-10
2020-11-09 11:00:00,09112020,11,22.6,60,1015.9,20,19,CORDOBA AERO,09112020-11
2020-11-09 12:00:00,09112020,12,24.2,55,1015.4,20,15,CORDOBA AERO,09112020-12
2020-11-09 13:00:00,09112020,13,26.2,50,1014.3,70,17,CORDOBA AERO,09112020-13
2020-11-09 14:00:00,09112020,14,26.8,48,1013.3,90,15,CORDOBA AERO,09112020-14
2020-11-09 15:00:00,09112020,15,27.7,44,1012.4,50,17,CORDOBA AERO,09112020-15
2020-11-09 16:00:00,09112020,16,28.2,42,1011.5,70,17,CORDOBA AERO,09112020-16
2020-11-09 17:00:00,09112020,17,28.6,40,1011.0,90,17,CORDOBA AERO,09112020-17
2020-11-09 18:00:00,09112020,18,26.4,43,1010.2,70,13,CORDOBA AERO,09112020-18
2020-11-09 19:00:00,09112020,19,25.4,48,1011.3,70,24,CORDOBA AERO,09112020-19
2020-11-09 20:00:00,09112020,20,24.0,51,1011.6,70,13,CORDOBA AERO,09112020-20
2020-11-09 21:00:00,09112020,21,20.5,63,1012.7,50,7,CORDOBA AERO,09112020-21
2020-11-09 22:00:00,09112020,22,18.6,67,1013.7,340,7,CORDOBA AERO,09112020-22
2020-11-09 23:00:00,09112020,23,19.0,71,1014.5,360,7,CORDOBA AERO,09112020-23
2020-11-10 00:00:00,10112020,0,20.1,68,1014.7,360,11,CORDOBA AERO,10112020-0
2020-11-10 01:00:00,10112020,1,19.2,73,1014.8,20,11,CORDOBA AERO,10112020-1
2020-11-10 02:00:00,10112020,2,16.9,83,1014.5,20,6,CORDOBA AERO,10112020-2
2020-11-10 03:00:00,10112020,3,15.6,87,1013.4,50,9,CORDOBA AERO,10112020-3
2020-11-10 04:00:00,10112020,4,15.4,87,1013.5,320,4,CORDOBA AERO,10112020-4
2020-11-10 05:00:00,10112020,5,15.4,90,1013.5,320,4,CORDOBA AERO,10112020-5
2020-11-10 06:00:00,10112020,6,15.0,91,1014.0,0,0,CORDOBA AERO,10112020-6
2020-11-10 07:00:00,10112020,7,17.0,86,1015.6,200,11,CORDOBA AERO,10112020-7
2020-11-10 08:00:00,10112020,8,16.9,81,1017.3,180,24,CORDOBA AERO,10112020-8
2020-11-10 09:00:00,10112020,9,15.5,89,1019.2,200,17,CORDOBA AERO,10112020-9
2020-11-10 10:00:00,10112020,10,15.9,91,1017.7,200,9,CORDOBA AERO,10112020-10
2020-11-10 11:00:00,10112020,11,18.0,81,1016.8,290,15,CORDOBA AERO,10112020-11
2020-11-10 12:00:00,10112020,12,20.6,64,1014.8,320,11,CORDOBA AERO,10112020-12
2020-11-10 13:00:00,10112020,13,23.2,50,1013.5,360,22,CORDOBA AERO,10112020-13
2020-11-10 14:00:00,10112020,14,20.8,72,1013.2,360,22,CORDOBA AERO,10112020-14
2020-11-10 15:00:00,10112020,15,24.0,51,1012.9,360,26,CORDOBA AERO,10112020-15
2020-11-10 16:00:00,10112020,16,25.8,42,1011.0,20,31,CORDOBA AERO,10112020-16
2020-11-10 17:00:00,10112020,17,27.0,42,1011.4,360,17,CORDOBA AERO,10112020-17
2020-11-10 18:00:00,10112020,18,26.2,46,1011.8,50,17,CORDOBA AERO,10112020-18
2020-11-10 19:00:00,10112020,19,24.4,54,1012.4,50,15,CORDOBA AERO,10112020-19
2020-11-10 20:00:00,10112020,20,20.7,69,1013.5,50,9,CORDOBA AERO,10112020-20
2020-11-10 21:00:00,10112020,21,17.8,82,1014.9,0,0,CORDOBA AERO,10112020-21
2020-11-10 22:00:00,10112020,22,16.0,87,1015.9,290,6,CORDOBA AERO,10112020-22
2020-11-10 23:00:00,10112020,23,15.8,89,1016.0,290,6,CORDOBA AERO,10112020-23
2020-11-11 00:00:00,11112020,0,15.3,91,1015.7,320,9,CORDOBA AERO,11112020-0
2020-11-11 01:00:00,11112020,1,15.7,90,1015.0,320,7,CORDOBA AERO,11112020-1
2020-11-11 02:00:00,11112020,2,15.3,93,1014.4,270,4,CORDOBA AERO,11112020-2
2020-11-11 03:00:00,11112020,3,13.3,94,1013.7,340,9,CORDOBA AERO,11112020-3
2020-11-11 04:00:00,11112020,4,13.9,86,1013.3,320,7,CORDOBA AERO,11112020-4
2020-11-11 05:00:00,11112020,5,14.0,87,1013.6,340,9,CORDOBA AERO,11112020-5
2020-11-11 06:00:00,11112020,6,14.5,94,1014.4,340,9,CORDOBA AERO,11112020-6
2020-11-11 07:00:00,11112020,7,15.4,81,1015.3,320,11,CORDOBA AERO,11112020-7
2020-11-11 08:00:00,11112020,8,19.3,72,1015.9,360,6,CORDOBA AERO,11112020-8
2020-11-11 09:00:00,11112020,9,21.2,64,1016.7,20,15,CORDOBA AERO,11112020-9
2020-11-11 10:00:00,11112020,10,24.4,54,1016.3,20,17,CORDOBA AERO,11112020-10
2020-11-11 11:00:00,11112020,11,27.0,44,1015.7,50,20,CORDOBA AERO,11112020-11
2020-11-11 12:00:00,11112020,12,27.7,43,1015.1,20,15,CORDOBA AERO,11112020-12
2020-11-11 13:00:00,11112020,13,26.6,45,1014.7,320,11,CORDOBA AERO,11112020-13
2020-11-11 14:00:00,11112020,14,27.6,43,1013.5,70,6,CORDOBA AERO,11112020-14
2020-11-11 15:00:00,11112020,15,27.2,44,1013.1,200,7,CORDOBA AERO,11112020-15
2020-11-11 16:00:00,11112020,16,28.6,40,1011.9,90,22,CORDOBA AERO,11112020-16
2020-11-11 17:00:00,11112020,17,25.9,49,1012.0,70,28,CORDOBA AERO,11112020-17
2020-11-11 18:00:00,11112020,18,24.8,56,1012.2,90,17,CORDOBA AERO,11112020-18
2020-11-11 19:00:00,11112020,19,24.4,57,1011.4,50,9,CORDOBA AERO,11112020-19
2020-11-11 20:00:00,11112020,20,23.0,63,1011.9,70,6,CORDOBA AERO,11112020-20
2020-11-11 21:00:00,11112020,21,20.2,72,1012.6,360,9,CORDOBA AERO,11112020-21
2020-11-11 22:00:00,11112020,22,18.8,74,1013.5,340,11,CORDOBA AERO,11112020-22
2020-11-11 23:00:00,11112020,23,18.4,74,1013.7,320,9,CORDOBA AERO,11112020-23
2020-11-12 00:00:00,12112020,0,17.8,75,1013.7,340,11,CORDOBA AERO,12112020-0
2020-11-12 01:00:00,12112020,1,18.2,78,1013.8,340,11,CORDOBA AERO,12112020-1
2020-11-12 02:00:00,12112020,2,18.1,78,1013.1,360,11,CORDOBA AERO,12112020-2
2020-11-12 03:00:00,12112020,3,19.6,74,1012.6,340,7,CORDOBA AERO,12112020-3
2020-11-12 04:00:00,12112020,4,18.0,79,1012.4,360,9,CORDOBA AERO,12112020-4
2020-11-12 05:00:00,12112020,5,17.0,80,1012.7,340,11,CORDOBA AERO,12112020-5
2020-11-12 06:00:00,12112020,6,16.4,82,1013.2,320,9,CORDOBA AERO,12112020-6
2020-11-12 07:00:00,12112020,7,16.2,84,1013.9,360,7,CORDOBA AERO,12112020-7
2020-11-12 08:00:00,12112020,8,23.2,56,1013.8,360,22,CORDOBA AERO,12112020-8
2020-11-12 09:00:00,12112020,9,25.8,48,1013.9,360,17,CORDOBA AERO,12112020-9
2020-11-12 10:00:00,12112020,10,27.9,44,1013.5,360,19,CORDOBA AERO,12112020-10
2020-11-12 11:00:00,12112020,11,29.0,39,1013.3,50,11,CORDOBA AERO,12112020-11
2020-11-12 12:00:00,12112020,12,30.2,38,1012.8,50,2,CORDOBA AERO,12112020-12
2020-11-12 13:00:00,12112020,13,31.8,32,1011.9,20,17,CORDOBA AERO,12112020-13
2020-11-12 14:00:00,12112020,14,30.8,32,1011.1,50,24,CORDOBA AERO,12112020-14
2020-11-12 15:00:00,12112020,15,32.6,29,1009.7,50,22,CORDOBA AERO,12112020-15
2020-11-12 16:00:00,12112020,16,31.2,31,1009.3,70,20,CORDOBA AERO,12112020-16
2020-11-12 17:00:00,12112020,17,30.0,31,1008.7,70,24,CORDOBA AERO,12112020-17
2020-11-12 18:00:00,12112020,18,30.8,32,1008.6,70,24,CORDOBA AERO,12112020-18
2020-11-12 19:00:00,12112020,19,28.7,34,1009.0,70,26,CORDOBA AERO,12112020-19
2020-11-12 20:00:00,12112020,20,25.8,41,1009.3,50,20,CORDOBA AERO,12112020-20
2020-11-12 21:00:00,12112020,21,23.9,47,1010.2,50,13,CORDOBA AERO,12112020-21
2020-11-12 22:00:00,12112020,22,21.3,53,1011.6,320,9,CORDOBA AERO,12112020-22
2020-11-12 23:00:00,12112020,23,21.6,54,1011.7,340,9,CORDOBA AERO,12112020-23
2020-11-13 00:00:00,13112020,0,21.0,57,1012.1,340,9,CORDOBA AERO,13112020-0
2020-11-13 01:00:00,13112020,1,20.2,61,1012.5,340,6,CORDOBA AERO,13112020-1
2020-11-13 02:00:00,13112020,2,20.5,66,1011.4,360,11,CORDOBA AERO,13112020-2
2020-11-13 03:00:00,13112020,3,21.4,51,1010.5,20,17,CORDOBA AERO,13112020-3
2020-11-13 04:00:00,13112020,4,19.9,59,1009.6,20,11,CORDOBA AERO,13112020-4
2020-11-13 05:00:00,13112020,5,20.6,58,1010.1,20,11,CORDOBA AERO,13112020-5
2020-11-13 06:00:00,13112020,6,18.2,65,1010.8,50,11,CORDOBA AERO,13112020-6
2020-11-13 07:00:00,13112020,7,21.0,52,1011.1,20,15,CORDOBA AERO,13112020-7
2020-11-13 08:00:00,13112020,8,23.9,38,1011.3,360,22,CORDOBA AERO,13112020-8
2020-11-13 09:00:00,13112020,9,26.3,33,1011.5,20,28,CORDOBA AERO,13112020-9
2020-11-13 10:00:00,13112020,10,27.7,33,1011.8,20,22,CORDOBA AERO,13112020-10
2020-11-13 11:00:00,13112020,11,29.0,32,1011.1,20,26,CORDOBA AERO,13112020-11
2020-11-13 12:00:00,13112020,12,30.8,27,1009.9,20,30,CORDOBA AERO,13112020-12
2020-11-13 13:00:00,13112020,13,30.6,28,1009.3,50,31,CORDOBA AERO,13112020-13
2020-11-13 14:00:00,13112020,14,30.3,27,1008.2,50,26,CORDOBA AERO,13112020-14
2020-11-13 15:00:00,13112020,15,32.2,24,1006.2,50,30,CORDOBA AERO,13112020-15
2020-11-13 16:00:00,13112020,16,31.8,24,1005.0,20,31,CORDOBA AERO,13112020-16
2020-11-13 17:00:00,13112020,17,30.8,26,1003.6,50,28,CORDOBA AERO,13112020-17
2020-11-13 18:00:00,13112020,18,30.8,25,1003.0,20,26,CORDOBA AERO,13112020-18
2020-11-13 19:00:00,13112020,19,28.8,27,1002.8,50,28,CORDOBA AERO,13112020-19
2020-11-13 20:00:00,13112020,20,27.2,29,1003.8,50,20,CORDOBA AERO,13112020-20
2020-11-13 21:00:00,13112020,21,24.4,35,1005.0,20,11,CORDOBA AERO,13112020-21
2020-11-13 22:00:00,13112020,22,22.2,39,1006.6,340,11,CORDOBA AERO,13112020-22
2020-11-13 23:00:00,13112020,23,22.4,43,1007.2,340,6,CORDOBA AERO,13112020-23
2020-11-14 00:00:00,14112020,0,22.5,42,1006.6,360,6,CORDOBA AERO,14112020-0
2020-11-14 01:00:00,14112020,1,21.4,49,1005.8,0,0,CORDOBA AERO,14112020-1
2020-11-14 02:00:00,14112020,2,20.4,55,1004.4,320,11,CORDOBA AERO,14112020-2
2020-11-14 03:00:00,14112020,3,17.2,90,1004.3,290,11,CORDOBA AERO,14112020-3
2020-11-14 04:00:00,14112020,4,16.5,95,1006.4,230,17,CORDOBA AERO,14112020-4
2020-11-14 05:00:00,14112020,5,16.2,96,1010.4,180,9,CORDOBA AERO,14112020-5
2020-11-14 06:00:00,14112020,6,16.4,94,1008.2,140,30,CORDOBA AERO,14112020-6
2020-11-14 07:00:00,14112020,7,16.5,93,1009.6,140,7,CORDOBA AERO,14112020-7
2020-11-14 08:00:00,14112020,8,16.4,94,1009.7,0,0,CORDOBA AERO,14112020-8
2020-11-14 09:00:00,14112020,9,17.0,96,1010.2,0,0,CORDOBA AERO,14112020-9
2020-11-14 10:00:00,14112020,10,17.4,91,1010.5,0,0,CORDOBA AERO,14112020-10
2020-11-14 11:00:00,14112020,11,17.6,91,1011.1,0,0,CORDOBA AERO,14112020-11
2020-11-14 12:00:00,14112020,12,18.0,96,1011.3,90,7,CORDOBA AERO,14112020-12
2020-11-14 13:00:00,14112020,13,18.0,99,1010.7,0,0,CORDOBA AERO,14112020-13
2020-11-14 14:00:00,14112020,14,18.6,85,1010.2,270,6,CORDOBA AERO,14112020-14
2020-11-14 15:00:00,14112020,15,19.0,81,1010.4,0,0,CORDOBA AERO,14112020-15
2020-11-14 16:00:00,14112020,16,19.8,78,1010.1,0,0,CORDOBA AERO,14112020-16
2020-11-14 17:00:00,14112020,17,20.3,77,1010.0,0,0,CORDOBA AERO,14112020-17
2020-11-14 18:00:00,14112020,18,20.8,71,1010.2,200,6,CORDOBA AERO,14112020-18
2020-11-14 19:00:00,14112020,19,19.8,81,1011.1,0,0,CORDOBA AERO,14112020-19
2020-11-14 20:00:00,14112020,20,15.6,80,1013.8,180,35,CORDOBA AERO,14112020-20
2020-11-14 21:00:00,14112020,21,15.5,76,1014.8,180,28,CORDOBA AERO,14112020-21
2020-11-14 22:00:00,14112020,22,16.3,66,1015.2,200,19,CORDOBA AERO,14112020-22
2020-11-14 23:00:00,14112020,23,16.1,70,1016.0,230,9,CORDOBA AERO,14112020-23
2020-11-15 00:00:00,15112020,0,15.6,71,1015.5,230,11,CORDOBA AERO,15112020-0
2020-11-15 01:00:00,15112020,1,14.3,80,1015.8,230,11,CORDOBA AERO,15112020-1
2020-11-15 02:00:00,15112020,2,14.4,80,1014.6,200,6,CORDOBA AERO,15112020-2
2020-11-15 03:00:00,15112020,3,14.3,80,1016.1,230,13,CORDOBA AERO,15112020-3
2020-11-15 04:00:00,15112020,4,12.9,84,1016.4,230,7,CORDOBA AERO,15112020-4
2020-11-15 05:00:00,15112020,5,13.6,82,1016.7,270,9,CORDOBA AERO,15112020-5
2020-11-15 06:00:00,15112020,6,12.9,84,1016.4,230,11,CORDOBA AERO,15112020-6
2020-11-15 07:00:00,15112020,7,14.5,78,1017.4,230,11,CORDOBA AERO,15112020-7
2020-11-15 08:00:00,15112020,8,16.8,65,1017.9,230,11,CORDOBA AERO,15112020-8
2020-11-15 09:00:00,15112020,9,18.8,49,1017.4,200,19,CORDOBA AERO,15112020-9
2020-11-15 10:00:00,15112020,10,20.2,44,1017.6,160,13,CORDOBA AERO,15112020-10
2020-11-15 11:00:00,15112020,11,21.8,40,1017.0,160,13,CORDOBA AERO,15112020-11
2020-11-15 12:00:00,15112020,12,21.4,44,1016.7,160,7,CORDOBA AERO,15112020-12
2020-11-15 13:00:00,15112020,13,23.4,44,1016.1,70,9,CORDOBA AERO,15112020-13
2020-11-15 14:00:00,15112020,14,23.6,42,1015.0,990,6,CORDOBA AERO,15112020-14
2020-11-15 15:00:00,15112020,15,25.0,38,1014.0,110,11,CORDOBA AERO,15112020-15
2020-11-15 16:00:00,15112020,16,25.3,36,1012.8,90,13,CORDOBA AERO,15112020-16
2020-11-15 17:00:00,15112020,17,25.4,35,1012.2,990,6,CORDOBA AERO,15112020-17
2020-11-15 18:00:00,15112020,18,25.0,37,1012.3,990,6,CORDOBA AERO,15112020-18
2020-11-15 19:00:00,15112020,19,24.6,39,1012.2,50,7,CORDOBA AERO,15112020-19
2020-11-15 20:00:00,15112020,20,21.4,48,1013.2,20,7,CORDOBA AERO,15112020-20
2020-11-15 21:00:00,15112020,21,17.9,66,1013.7,340,9,CORDOBA AERO,15112020-21
2020-11-15 22:00:00,15112020,22,17.2,69,1014.8,340,13,CORDOBA AERO,15112020-22
2020-11-15 23:00:00,15112020,23,18.6,66,1015.2,360,11,CORDOBA AERO,15112020-23
2020-11-16 00:00:00,16112020,0,18.1,70,1015.9,50,13,CORDOBA AERO,16112020-0
2020-11-16 01:00:00,16112020,1,17.4,77,1015.7,20,7,CORDOBA AERO,16112020-1
2020-11-16 02:00:00,16112020,2,17.2,79,1015.9,320,15,CORDOBA AERO,16112020-2
2020-11-16 03:00:00,16112020,3,17.2,81,1015.4,290,9,CORDOBA AERO,16112020-3
2020-11-16 04:00:00,16112020,4,17.0,80,1014.2,340,9,CORDOBA AERO,16112020-4
2020-11-16 05:00:00,16112020,5,15.8,86,1014.6,320,7,CORDOBA AERO,16112020-5
2020-11-16 06:00:00,16112020,6,14.7,86,1014.6,320,11,CORDOBA AERO,16112020-6
2020-11-16 07:00:00,16112020,7,14.8,87,1015.2,340,7,CORDOBA AERO,16112020-7
2020-11-16 08:00:00,16112020,8,19.8,68,1015.6,360,7,CORDOBA AERO,16112020-8
2020-11-16 09:00:00,16112020,9,21.7,55,1015.7,360,13,CORDOBA AERO,16112020-9
2020-11-16 10:00:00,16112020,10,23.5,53,1015.3,50,13,CORDOBA AERO,16112020-10
2020-11-16 11:00:00,16112020,11,25.5,46,1014.6,50,11,CORDOBA AERO,16112020-11
2020-11-16 12:00:00,16112020,12,27.2,42,1013.6,50,11,CORDOBA AERO,16112020-12
2020-11-16 13:00:00,16112020,13,28.2,31,1012.9,70,13,CORDOBA AERO,16112020-13
2020-11-16 14:00:00,16112020,14,28.5,24,1012.0,70,13,CORDOBA AERO,16112020-14
2020-11-16 15:00:00,16112020,15,29.3,24,1011.3,50,9,CORDOBA AERO,16112020-15
2020-11-16 16:00:00,16112020,16,28.2,29,1010.7,20,17,CORDOBA AERO,16112020-16
2020-11-16 17:00:00,16112020,17,27.4,30,1010.3,20,15,CORDOBA AERO,16112020-17
2020-11-16 18:00:00,16112020,18,27.0,33,1010.2,20,20,CORDOBA AERO,16112020-18
2020-11-16 19:00:00,16112020,19,26.7,35,1010.5,60,13,CORDOBA AERO,16112020-19
2020-11-16 20:00:00,16112020,20,22.7,52,1011.4,50,7,CORDOBA AERO,16112020-20
2020-11-16 21:00:00,16112020,21,22.8,39,1013.0,170,15,CORDOBA AERO,16112020-21
2020-11-16 22:00:00,16112020,22,19.7,55,1013.9,200,11,CORDOBA AERO,16112020-22
2020-11-16 23:00:00,16112020,23,17.7,63,1014.2,280,7,CORDOBA AERO,16112020-23
2020-11-17 00:00:00,17112020,0,16.4,68,1014.1,310,9,CORDOBA AERO,17112020-0
2020-11-17 01:00:00,17112020,1,15.6,70,1013.6,320,11,CORDOBA AERO,17112020-1
2020-11-17 02:00:00,17112020,2,15.7,72,1013.0,320,13,CORDOBA AERO,17112020-2
2020-11-17 03:00:00,17112020,3,16.2,71,1012.2,330,11,CORDOBA AERO,17112020-3
2020-11-17 04:00:00,17112020,4,16.9,58,1012.2,330,9,CORDOBA AERO,17112020-4
2020-11-17 05:00:00,17112020,5,15.4,72,1012.4,360,7,CORDOBA AERO,17112020-5
2020-11-17 06:00:00,17112020,6,15.7,74,1012.5,20,7,CORDOBA AERO,17112020-6
2020-11-17 07:00:00,17112020,7,18.5,59,1012.1,360,13,CORDOBA AERO,17112020-7
2020-11-17 08:00:00,17112020,8,20.6,48,1012.4,340,17,CORDOBA AERO,17112020-8
2020-11-17 09:00:00,17112020,9,22.2,43,1012.7,360,28,CORDOBA AERO,17112020-9
2020-11-17 10:00:00,17112020,10,24.5,34,1013.2,20,37,CORDOBA AERO,17112020-10
2020-11-17 11:00:00,17112020,11,25.6,35,1013.1,360,26,CORDOBA AERO,17112020-11
2020-11-17 12:00:00,17112020,12,23.8,44,1013.8,290,20,CORDOBA AERO,17112020-12
2020-11-17 13:00:00,17112020,13,22.4,43,1014.2,290,26,CORDOBA AERO,17112020-13
2020-11-17 14:00:00,17112020,14,23.2,42,1014.0,290,26,CORDOBA AERO,17112020-14
2020-11-17 15:00:00,17112020,15,22.6,46,1013.8,290,28,CORDOBA AERO,17112020-15
2020-11-17 16:00:00,17112020,16,22.8,44,1013.1,290,28,CORDOBA AERO,17112020-16
2020-11-17 17:00:00,17112020,17,23.7,45,1012.8,270,20,CORDOBA AERO,17112020-17
2020-11-17 18:00:00,17112020,18,23.7,40,1012.5,270,20,CORDOBA AERO,17112020-18
2020-11-17 19:00:00,17112020,19,22.6,43,1012.5,250,15,CORDOBA AERO,17112020-19
2020-11-17 20:00:00,17112020,20,18.8,59,1013.5,230,11,CORDOBA AERO,17112020-20
2020-11-17 21:00:00,17112020,21,18.6,57,1014.1,230,9,CORDOBA AERO,17112020-21
2020-11-17 22:00:00,17112020,22,20.0,51,1015.4,180,19,CORDOBA AERO,17112020-22
2020-11-17 23:00:00,17112020,23,19.2,58,1016.1,200,15,CORDOBA AERO,17112020-23
2020-11-18 00:00:00,18112020,0,17.8,63,1016.2,230,13,CORDOBA AERO,18112020-0
2020-11-18 01:00:00,18112020,1,17.8,64,1015.7,270,7,CORDOBA AERO,18112020-1
2020-11-18 02:00:00,18112020,2,17.8,66,1014.8,270,9,CORDOBA AERO,18112020-2
2020-11-18 03:00:00,18112020,3,17.6,66,1014.8,230,9,CORDOBA AERO,18112020-3
2020-11-18 04:00:00,18112020,4,18.0,62,1014.5,270,11,CORDOBA AERO,18112020-4
2020-11-18 05:00:00,18112020,5,18.2,62,1014.7,250,13,CORDOBA AERO,18112020-5
2020-11-18 06:00:00,18112020,6,17.2,68,1015.0,290,9,CORDOBA AERO,18112020-6
2020-11-18 07:00:00,18112020,7,16.9,74,1015.6,320,6,CORDOBA AERO,18112020-7
2020-11-18 08:00:00,18112020,8,17.4,73,1016.2,320,6,CORDOBA AERO,18112020-8
2020-11-18 09:00:00,18112020,9,18.0,83,1016.9,20,4,CORDOBA AERO,18112020-9
2020-11-18 10:00:00,18112020,10,18.5,78,1017.0,20,6,CORDOBA AERO,18112020-10
2020-11-18 11:00:00,18112020,11,20.6,69,1016.7,340,11,CORDOBA AERO,18112020-11
2020-11-18 12:00:00,18112020,12,22.6,47,1016.1,20,11,CORDOBA AERO,18112020-12
2020-11-18 13:00:00,18112020,13,23.9,42,1015.3,50,9,CORDOBA AERO,18112020-13
2020-11-18 14:00:00,18112020,14,25.4,38,1014.4,160,15,CORDOBA AERO,18112020-14
2020-11-18 15:00:00,18112020,15,22.2,45,1014.5,140,15,CORDOBA AERO,18112020-15
2020-11-18 16:00:00,18112020,16,25.3,38,1013.1,180,7,CORDOBA AERO,18112020-16
2020-11-18 17:00:00,18112020,17,25.1,38,1013.3,160,7,CORDOBA AERO,18112020-17
2020-11-18 19:00:00,18112020,19,24.1,50,1013.3,0,0,CORDOBA AERO,18112020-19
2020-11-18 20:00:00,18112020,20,21.4,55,1013.8,290,7,CORDOBA AERO,18112020-20
2020-11-18 21:00:00,18112020,21,18.3,64,1014.7,290,9,CORDOBA AERO,18112020-21
2020-11-18 22:00:00,18112020,22,16.8,68,1015.6,290,7,CORDOBA AERO,18112020-22
2020-11-18 23:00:00,18112020,23,16.2,70,1016.3,290,11,CORDOBA AERO,18112020-23
2020-11-19 00:00:00,19112020,0,15.4,73,1016.5,280,7,CORDOBA AERO,19112020-0
2020-11-19 01:00:00,19112020,1,15.1,74,1016.8,240,13,CORDOBA AERO,19112020-1
2020-11-19 02:00:00,19112020,2,14.5,73,1016.6,240,11,CORDOBA AERO,19112020-2
2020-11-19 03:00:00,19112020,3,14.3,72,1016.8,250,13,CORDOBA AERO,19112020-3
2020-11-19 04:00:00,19112020,4,14.3,71,1016.7,250,13,CORDOBA AERO,19112020-4
2020-11-19 05:00:00,19112020,5,13.5,74,1017.0,250,11,CORDOBA AERO,19112020-5
2020-11-19 06:00:00,19112020,6,13.0,76,1017.6,230,9,CORDOBA AERO,19112020-6
2020-11-19 07:00:00,19112020,7,14.2,76,1018.3,250,9,CORDOBA AERO,19112020-7
2020-11-19 08:00:00,19112020,8,18.0,63,1018.7,200,9,CORDOBA AERO,19112020-8
2020-11-19 09:00:00,19112020,9,20.4,58,1019.3,160,9,CORDOBA AERO,19112020-9
2020-11-19 10:00:00,19112020,10,22.0,53,1019.0,200,9,CORDOBA AERO,19112020-10
2020-11-19 11:00:00,19112020,11,23.4,50,1018.7,200,9,CORDOBA AERO,19112020-11
2020-11-19 12:00:00,19112020,12,24.9,38,1018.2,990,9,CORDOBA AERO,19112020-12
2020-11-19 13:00:00,19112020,13,25.1,42,1017.7,90,13,CORDOBA AERO,19112020-13
2020-11-19 14:00:00,19112020,14,26.2,38,1016.6,200,9,CORDOBA AERO,19112020-14
2020-11-19 15:00:00,19112020,15,27.2,36,1015.5,180,9,CORDOBA AERO,19112020-15
2020-11-19 16:00:00,19112020,16,27.4,34,1014.4,140,11,CORDOBA AERO,19112020-16
2020-11-19 17:00:00,19112020,17,27.9,30,1013.7,110,15,CORDOBA AERO,19112020-17
2020-11-19 18:00:00,19112020,18,27.6,29,1013.5,90,17,CORDOBA AERO,19112020-18
2020-11-19 19:00:00,19112020,19,25.3,33,1013.9,110,15,CORDOBA AERO,19112020-19
2020-11-19 20:00:00,19112020,20,21.9,45,1014.2,90,11,CORDOBA AERO,19112020-20
2020-11-19 21:00:00,19112020,21,19.5,49,1015.0,70,9,CORDOBA AERO,19112020-21
2020-11-19 22:00:00,19112020,22,18.1,56,1015.8,50,9,CORDOBA AERO,19112020-22
2020-11-19 23:00:00,19112020,23,17.4,54,1017.1,320,11,CORDOBA AERO,19112020-23
2020-11-20 00:00:00,20112020,0,17.2,53,1017.3,290,6,CORDOBA AERO,20112020-0
2020-11-20 01:00:00,20112020,1,14.3,70,1017.3,290,7,CORDOBA AERO,20112020-1
2020-11-20 02:00:00,20112020,2,13.7,71,1016.8,290,7,CORDOBA AERO,20112020-2
2020-11-20 03:00:00,20112020,3,11.9,84,1016.1,0,0,CORDOBA AERO,20112020-3
2020-11-20 04:00:00,20112020,4,12.7,72,1016.1,320,6,CORDOBA AERO,20112020-4
2020-11-20 05:00:00,20112020,5,12.6,78,1016.4,320,6,CORDOBA AERO,20112020-5
2020-11-20 06:00:00,20112020,6,10.5,89,1017.0,250,4,CORDOBA AERO,20112020-6
2020-11-20 07:00:00,20112020,7,11.3,85,1017.2,270,6,CORDOBA AERO,20112020-7
2020-11-20 08:00:00,20112020,8,17.3,53,1017.2,20,4,CORDOBA AERO,20112020-8
2020-11-20 09:00:00,20112020,9,19.7,51,1017.1,50,7,CORDOBA AERO,20112020-9
2020-11-20 10:00:00,20112020,10,21.7,48,1016.5,20,13,CORDOBA AERO,20112020-10
2020-11-20 11:00:00,20112020,11,24.9,42,1015.5,50,19,CORDOBA AERO,20112020-11
2020-11-20 12:00:00,20112020,12,26.0,38,1014.7,20,19,CORDOBA AERO,20112020-12
2020-11-20 13:00:00,20112020,13,26.8,35,1014.1,70,17,CORDOBA AERO,20112020-13
2020-11-20 14:00:00,20112020,14,28.4,32,1012.8,50,24,CORDOBA AERO,20112020-14
2020-11-20 15:00:00,20112020,15,29.3,31,1011.7,20,24,CORDOBA AERO,20112020-15
2020-11-20 16:00:00,20112020,16,28.3,31,1010.8,50,22,CORDOBA AERO,20112020-16
2020-11-20 17:00:00,20112020,17,26.0,34,1010.8,70,30,CORDOBA AERO,20112020-17
2020-11-20 18:00:00,20112020,18,19.4,66,1012.7,360,22,CORDOBA AERO,20112020-18
2020-11-20 19:00:00,20112020,19,21.2,59,1011.8,20,20,CORDOBA AERO,20112020-19
2020-11-20 20:00:00,20112020,20,18.6,67,1012.0,360,11,CORDOBA AERO,20112020-20
2020-11-20 21:00:00,20112020,21,18.0,72,1012.3,360,11,CORDOBA AERO,20112020-21
2020-11-20 22:00:00,20112020,22,16.9,74,1012.9,360,11,CORDOBA AERO,20112020-22
2020-11-20 23:00:00,20112020,23,16.4,72,1012.7,320,19,CORDOBA AERO,20112020-23
2020-11-21 00:00:00,21112020,0,14.5,76,1012.5,360,13,CORDOBA AERO,21112020-0
2020-11-21 01:00:00,21112020,1,15.1,76,1012.4,320,6,CORDOBA AERO,21112020-1
2020-11-21 02:00:00,21112020,2,14.1,88,1011.9,270,4,CORDOBA AERO,21112020-2
2020-11-21 03:00:00,21112020,3,15.7,76,1011.2,320,9,CORDOBA AERO,21112020-3
2020-11-21 04:00:00,21112020,4,14.5,84,1011.3,20,17,CORDOBA AERO,21112020-4
2020-11-21 05:00:00,21112020,5,16.0,73,1011.0,20,17,CORDOBA AERO,21112020-5
2020-11-21 06:00:00,21112020,6,16.6,70,1012.8,360,15,CORDOBA AERO,21112020-6
2020-11-21 07:00:00,21112020,7,17.0,70,1014.7,140,9,CORDOBA AERO,21112020-7
2020-11-21 08:00:00,21112020,8,17.0,83,1016.3,140,9,CORDOBA AERO,21112020-8
2020-11-21 09:00:00,21112020,9,18.5,73,1016.5,160,4,CORDOBA AERO,21112020-9
2020-11-21 10:00:00,21112020,10,19.5,70,1016.8,160,6,CORDOBA AERO,21112020-10
2020-11-21 11:00:00,21112020,11,22.0,61,1016.2,70,11,CORDOBA AERO,21112020-11
2020-11-21 12:00:00,21112020,12,23.6,53,1015.3,360,11,CORDOBA AERO,21112020-12
2020-11-21 13:00:00,21112020,13,24.3,50,1014.2,50,20,CORDOBA AERO,21112020-13
2020-11-21 14:00:00,21112020,14,26.3,43,1012.9,50,22,CORDOBA AERO,21112020-14
2020-11-21 15:00:00,21112020,15,27.2,39,1011.7,20,30,CORDOBA AERO,21112020-15
2020-11-21 16:00:00,21112020,16,28.3,37,1011.2,50,30,CORDOBA AERO,21112020-16
2020-11-21 17:00:00,21112020,17,28.2,37,1010.2,20,31,CORDOBA AERO,21112020-17
2020-11-21 18:00:00,21112020,18,27.5,36,1010.3,20,33,CORDOBA AERO,21112020-18
2020-11-21 19:00:00,21112020,19,26.3,41,1010.8,50,26,CORDOBA AERO,21112020-19
2020-11-21 20:00:00,21112020,20,23.8,47,1011.8,50,20,CORDOBA AERO,21112020-20
2020-11-21 21:00:00,21112020,21,21.3,55,1013.2,50,15,CORDOBA AERO,21112020-21
2020-11-21 22:00:00,21112020,22,17.8,71,1014.6,20,9,CORDOBA AERO,21112020-22
2020-11-21 23:00:00,21112020,23,17.1,73,1015.5,340,11,CORDOBA AERO,21112020-23
2020-11-22 00:00:00,22112020,0,16.8,74,1015.6,320,11,CORDOBA AERO,22112020-0
2020-11-22 01:00:00,22112020,1,17.2,71,1015.3,340,11,CORDOBA AERO,22112020-1
2020-11-22 02:00:00,22112020,2,17.1,70,1014.7,320,7,CORDOBA AERO,22112020-2
2020-11-22 03:00:00,22112020,3,16.4,73,1014.2,320,7,CORDOBA AERO,22112020-3
2020-11-22 04:00:00,22112020,4,15.9,76,1013.7,340,7,CORDOBA AERO,22112020-4
2020-11-22 05:00:00,22112020,5,14.6,93,1014.0,20,9,CORDOBA AERO,22112020-5
2020-11-22 06:00:00,22112020,6,13.4,87,1014.6,360,9,CORDOBA AERO,22112020-6
2020-11-22 07:00:00,22112020,7,16.6,79,1015.3,360,7,CORDOBA AERO,22112020-7
2020-11-22 08:00:00,22112020,8,22.1,51,1015.6,20,13,CORDOBA AERO,22112020-8
2020-11-22 09:00:00,22112020,9,24.0,41,1016.0,50,19,CORDOBA AERO,22112020-9
2020-11-22 10:00:00,22112020,10,26.0,35,1016.2,50,22,CORDOBA AERO,22112020-10
2020-11-22 11:00:00,22112020,11,28.0,32,1015.3,50,22,CORDOBA AERO,22112020-11
2020-11-22 12:00:00,22112020,12,29.1,29,1014.5,50,26,CORDOBA AERO,22112020-12
2020-11-22 13:00:00,22112020,13,29.7,28,1013.4,50,30,CORDOBA AERO,22112020-13
2020-11-22 14:00:00,22112020,14,31.4,28,1012.1,50,30,CORDOBA AERO,22112020-14
2020-11-22 15:00:00,22112020,15,31.8,28,1010.8,20,31,CORDOBA AERO,22112020-15
2020-11-22 16:00:00,22112020,16,32.1,28,1009.9,20,30,CORDOBA AERO,22112020-16
2020-11-22 17:00:00,22112020,17,32.4,25,1009.2,20,33,CORDOBA AERO,22112020-17
2020-11-22 18:00:00,22112020,18,31.7,25,1008.4,20,35,CORDOBA AERO,22112020-18
2020-11-22 19:00:00,22112020,19,30.0,31,1008.6,50,35,CORDOBA AERO,22112020-19
2020-11-22 20:00:00,22112020,20,27.7,37,1009.0,60,26,CORDOBA AERO,22112020-20
2020-11-22 21:00:00,22112020,21,25.3,44,1009.8,60,17,CORDOBA AERO,22112020-21
2020-11-22 22:00:00,22112020,22,23.1,53,1011.0,340,9,CORDOBA AERO,22112020-22
2020-11-22 23:00:00,22112020,23,20.7,64,1011.3,20,13,CORDOBA AERO,22112020-23
2020-11-23 00:00:00,23112020,0,21.6,57,1010.7,20,17,CORDOBA AERO,23112020-0
2020-11-23 01:00:00,23112020,1,23.3,49,1010.0,20,22,CORDOBA AERO,23112020-1
2020-11-23 02:00:00,23112020,2,22.6,52,1009.3,20,24,CORDOBA AERO,23112020-2
2020-11-23 03:00:00,23112020,3,20.2,60,1009.0,10,15,CORDOBA AERO,23112020-3
2020-11-23 04:00:00,23112020,4,20.4,58,1008.3,10,17,CORDOBA AERO,23112020-4
2020-11-23 05:00:00,23112020,5,21.7,50,1008.1,10,22,CORDOBA AERO,23112020-5
2020-11-23 06:00:00,23112020,6,20.9,54,1008.3,10,19,CORDOBA AERO,23112020-6
2020-11-23 07:00:00,23112020,7,22.1,48,1008.9,10,19,CORDOBA AERO,23112020-7
2020-11-23 08:00:00,23112020,8,23.5,43,1009.2,30,30,CORDOBA AERO,23112020-8
2020-11-23 09:00:00,23112020,9,24.9,40,1009.2,20,33,CORDOBA AERO,23112020-9
2020-11-23 10:00:00,23112020,10,27.7,34,1008.4,20,31,CORDOBA AERO,23112020-10
2020-11-23 11:00:00,23112020,11,30.2,32,1007.3,20,31,CORDOBA AERO,23112020-11
2020-11-23 12:00:00,23112020,12,31.9,29,1006.3,30,33,CORDOBA AERO,23112020-12
2020-11-23 13:00:00,23112020,13,33.6,26,1005.1,50,33,CORDOBA AERO,23112020-13
2020-11-23 14:00:00,23112020,14,33.6,26,1005.1,50,33,CORDOBA AERO,23112020-14
2020-11-23 15:00:00,23112020,15,36.3,21,1003.4,20,39,CORDOBA AERO,23112020-15
2020-11-23 16:00:00,23112020,16,36.4,21,1002.5,10,31,CORDOBA AERO,23112020-16
2020-11-23 17:00:00,23112020,17,36.4,21,1001.8,30,31,CORDOBA AERO,23112020-17
2020-11-23 18:00:00,23112020,18,35.5,21,999.9,20,33,CORDOBA AERO,23112020-18
2020-11-23 19:00:00,23112020,19,34.6,22,1001.9,20,33,CORDOBA AERO,23112020-19
2020-11-23 20:00:00,23112020,20,32.2,26,1002.8,50,20,CORDOBA AERO,23112020-20
2020-11-23 21:00:00,23112020,21,28.9,36,1003.9,50,19,CORDOBA AERO,23112020-21
2020-11-23 22:00:00,23112020,22,25.0,47,1005.2,340,11,CORDOBA AERO,23112020-22
2020-11-23 23:00:00,23112020,23,23.6,48,1005.5,320,9,CORDOBA AERO,23112020-23
2020-11-24 00:00:00,24112020,0,25.2,41,1004.8,340,13,CORDOBA AERO,24112020-0
2020-11-24 01:00:00,24112020,1,22.2,51,1004.3,360,11,CORDOBA AERO,24112020-1
2020-11-24 02:00:00,24112020,2,22.2,49,1003.5,360,11,CORDOBA AERO,24112020-2
2020-11-24 03:00:00,24112020,3,21.0,54,1002.8,20,11,CORDOBA AERO,24112020-3
2020-11-24 04:00:00,24112020,4,21.2,53,1002.5,70,6,CORDOBA AERO,24112020-4
2020-11-24 05:00:00,24112020,5,20.0,60,1003.3,0,0,CORDOBA AERO,24112020-5
2020-11-24 06:00:00,24112020,6,18.6,64,1003.9,340,7,CORDOBA AERO,24112020-6
2020-11-24 07:00:00,24112020,7,18.8,66,1004.8,0,0,CORDOBA AERO,24112020-7
2020-11-24 08:00:00,24112020,8,24.7,53,1005.1,0,0,CORDOBA AERO,24112020-8
2020-11-24 09:00:00,24112020,9,26.8,42,1005.3,20,6,CORDOBA AERO,24112020-9
2020-11-24 10:00:00,24112020,10,29.8,39,1005.1,150,9,CORDOBA AERO,24112020-10
2020-11-24 11:00:00,24112020,11,31.9,36,1004.6,180,9,CORDOBA AERO,24112020-11
2020-11-24 12:00:00,24112020,12,33.5,30,1004.0,160,11,CORDOBA AERO,24112020-12
2020-11-24 13:00:00,24112020,13,35.3,27,1003.5,180,11,CORDOBA AERO,24112020-13
2020-11-24 14:00:00,24112020,14,35.9,26,1002.8,160,15,CORDOBA AERO,24112020-14
2020-11-24 15:00:00,24112020,15,35.9,26,1002.2,120,19,CORDOBA AERO,24112020-15
2020-11-24 16:00:00,24112020,16,36.1,26,1001.8,160,19,CORDOBA AERO,24112020-16
2020-11-24 17:00:00,24112020,17,34.9,27,1001.8,160,19,CORDOBA AERO,24112020-17
2020-11-24 18:00:00,24112020,18,34.9,28,1001.7,150,17,CORDOBA AERO,24112020-18
2020-11-24 19:00:00,24112020,19,34.1,30,1002.4,180,24,CORDOBA AERO,24112020-19
2020-11-24 20:00:00,24112020,20,32.4,33,1003.4,160,17,CORDOBA AERO,24112020-20
2020-11-24 21:00:00,24112020,21,30.8,36,1004.5,180,28,CORDOBA AERO,24112020-21
2020-11-24 22:00:00,24112020,22,28.0,45,1005.9,180,15,CORDOBA AERO,24112020-22
2020-11-24 23:00:00,24112020,23,27.4,48,1007.2,160,28,CORDOBA AERO,24112020-23
2020-11-25 00:00:00,25112020,0,25.2,58,1007.0,180,20,CORDOBA AERO,25112020-0
2020-11-25 01:00:00,25112020,1,23.8,67,1006.7,180,22,CORDOBA AERO,25112020-1
2020-11-25 02:00:00,25112020,2,22.7,70,1005.5,180,26,CORDOBA AERO,25112020-2
2020-11-25 03:00:00,25112020,3,20.2,91,1006.2,200,9,CORDOBA AERO,25112020-3
2020-11-25 04:00:00,25112020,4,20.2,89,1005.6,200,13,CORDOBA AERO,25112020-4
2020-11-25 05:00:00,25112020,5,19.4,96,1006.7,0,0,CORDOBA AERO,25112020-5
2020-11-25 06:00:00,25112020,6,18.4,95,1008.0,180,15,CORDOBA AERO,25112020-6
2020-11-25 07:00:00,25112020,7,19.5,88,1008.8,200,22,CORDOBA AERO,25112020-7
2020-11-25 08:00:00,25112020,8,20.5,82,1009.7,200,22,CORDOBA AERO,25112020-8
2020-11-25 09:00:00,25112020,9,21.2,81,1010.3,200,15,CORDOBA AERO,25112020-9
2020-11-25 10:00:00,25112020,10,23.6,67,1010.5,200,17,CORDOBA AERO,25112020-10
2020-11-25 11:00:00,25112020,11,26.5,57,1009.8,140,26,CORDOBA AERO,25112020-11
2020-11-25 12:00:00,25112020,12,27.8,49,1009.7,160,24,CORDOBA AERO,25112020-12
2020-11-25 13:00:00,25112020,13,28.6,47,1009.0,140,26,CORDOBA AERO,25112020-13
2020-11-25 14:00:00,25112020,14,28.9,45,1008.8,140,26,CORDOBA AERO,25112020-14
2020-11-25 15:00:00,25112020,15,29.8,45,1008.4,140,22,CORDOBA AERO,25112020-15
2020-11-25 16:00:00,25112020,16,28.7,46,1008.1,140,17,CORDOBA AERO,25112020-16
2020-11-25 17:00:00,25112020,17,28.8,47,1007.7,140,15,CORDOBA AERO,25112020-17
2020-11-25 18:00:00,25112020,18,27.6,51,1007.7,140,15,CORDOBA AERO,25112020-18
2020-11-25 19:00:00,25112020,19,26.6,55,1007.9,110,13,CORDOBA AERO,25112020-19
2020-11-25 20:00:00,25112020,20,24.6,62,1008.8,120,15,CORDOBA AERO,25112020-20
2020-11-25 21:00:00,25112020,21,22.6,73,1010.0,110,9,CORDOBA AERO,25112020-21
2020-11-25 22:00:00,25112020,22,19.9,82,1011.5,0,0,CORDOBA AERO,25112020-22
2020-11-25 23:00:00,25112020,23,19.1,86,1012.0,0,0,CORDOBA AERO,25112020-23
2020-11-26 00:00:00,26112020,0,19.2,86,1011.7,290,7,CORDOBA AERO,26112020-0
2020-11-26 01:00:00,26112020,1,19.1,89,1010.5,250,11,CORDOBA AERO,26112020-1
2020-11-26 02:00:00,26112020,2,18.8,89,1009.9,320,6,CORDOBA AERO,26112020-2
2020-11-26 03:00:00,26112020,3,18.4,90,1009.4,320,9,CORDOBA AERO,26112020-3
2020-11-26 04:00:00,26112020,4,17.7,93,1011.3,290,9,CORDOBA AERO,26112020-4
2020-11-26 05:00:00,26112020,5,18.4,93,1011.8,0,0,CORDOBA AERO,26112020-5
2020-11-26 06:00:00,26112020,6,18.7,93,1015.8,200,11,CORDOBA AERO,26112020-6
2020-11-26 07:00:00,26112020,7,17.9,54,1016.6,200,30,CORDOBA AERO,26112020-7
2020-11-26 08:00:00,26112020,8,17.8,49,1018.4,180,33,CORDOBA AERO,26112020-8
2020-11-26 09:00:00,26112020,9,17.5,39,1019.8,190,22,CORDOBA AERO,26112020-9
2020-11-26 10:00:00,26112020,10,19.3,27,1019.9,200,20,CORDOBA AERO,26112020-10
2020-11-26 11:00:00,26112020,11,20.0,24,1019.4,180,22,CORDOBA AERO,26112020-11
2020-11-26 12:00:00,26112020,12,19.5,27,1019.8,180,11,CORDOBA AERO,26112020-12
2020-11-26 13:00:00,26112020,13,20.7,26,1019.4,180,15,CORDOBA AERO,26112020-13
2020-11-26 14:00:00,26112020,14,22.0,27,1018.5,180,7,CORDOBA AERO,26112020-14
2020-11-26 15:00:00,26112020,15,23.2,30,1017.5,180,11,CORDOBA AERO,26112020-15
2020-11-26 16:00:00,26112020,16,22.0,34,1017.1,0,0,CORDOBA AERO,26112020-16
2020-11-26 17:00:00,26112020,17,23.2,33,1016.4,360,7,CORDOBA AERO,26112020-17
2020-11-26 18:00:00,26112020,18,23.2,35,1015.2,360,7,CORDOBA AERO,26112020-18
2020-11-26 19:00:00,26112020,19,23.4,33,1015.2,20,4,CORDOBA AERO,26112020-19
2020-11-26 20:00:00,26112020,20,20.4,44,1016.0,340,11,CORDOBA AERO,26112020-20
2020-11-26 21:00:00,26112020,21,17.4,57,1016.9,340,11,CORDOBA AERO,26112020-21
2020-11-26 22:00:00,26112020,22,16.5,61,1017.2,320,13,CORDOBA AERO,26112020-22
2020-11-26 23:00:00,26112020,23,14.9,70,1017.6,320,11,CORDOBA AERO,26112020-23
2020-11-27 00:00:00,27112020,0,14.6,73,1017.6,320,11,CORDOBA AERO,27112020-0
2020-11-27 01:00:00,27112020,1,14.8,69,1016.8,320,9,CORDOBA AERO,27112020-1
2020-11-27 02:00:00,27112020,2,15.0,67,1016.0,320,11,CORDOBA AERO,27112020-2
2020-11-27 03:00:00,27112020,3,14.7,75,1015.2,320,9,CORDOBA AERO,27112020-3
2020-11-27 04:00:00,27112020,4,14.6,77,1014.6,360,11,CORDOBA AERO,27112020-4
2020-11-27 05:00:00,27112020,5,15.8,74,1014.4,340,9,CORDOBA AERO,27112020-5
2020-11-27 06:00:00,27112020,6,15.0,77,1014.6,360,11,CORDOBA AERO,27112020-6
2020-11-27 07:00:00,27112020,7,17.5,71,1014.8,340,9,CORDOBA AERO,27112020-7
2020-11-27 08:00:00,27112020,8,21.5,49,1014.9,50,13,CORDOBA AERO,27112020-8
2020-11-27 09:00:00,27112020,9,22.6,45,1015.3,70,15,CORDOBA AERO,27112020-9
2020-11-27 10:00:00,27112020,10,24.1,51,1014.9,20,17,CORDOBA AERO,27112020-10
2020-11-27 11:00:00,27112020,11,24.6,55,1014.5,20,19,CORDOBA AERO,27112020-11
2020-11-27 12:00:00,27112020,12,27.2,48,1013.1,50,28,CORDOBA AERO,27112020-12
2020-11-27 13:00:00,27112020,13,27.7,45,1012.1,50,19,CORDOBA AERO,27112020-13
2020-11-27 14:00:00,27112020,14,29.1,41,1010.6,20,24,CORDOBA AERO,27112020-14
2020-11-27 15:00:00,27112020,15,29.1,39,1009.3,50,22,CORDOBA AERO,27112020-15
2020-11-27 16:00:00,27112020,16,30.5,36,1008.6,20,26,CORDOBA AERO,27112020-16
2020-11-27 17:00:00,27112020,17,29.5,39,1007.6,50,20,CORDOBA AERO,27112020-17
2020-11-27 18:00:00,27112020,18,28.7,41,1007.5,20,24,CORDOBA AERO,27112020-18
2020-11-27 19:00:00,27112020,19,27.4,47,1008.2,20,24,CORDOBA AERO,27112020-19
2020-11-27 20:00:00,27112020,20,26.5,53,1008.8,50,13,CORDOBA AERO,27112020-20
2020-11-27 21:00:00,27112020,21,26.0,54,1009.5,20,13,CORDOBA AERO,27112020-21
2020-11-27 22:00:00,27112020,22,24.8,58,1010.1,20,7,CORDOBA AERO,27112020-22
2020-11-27 23:00:00,27112020,23,23.7,67,1010.3,360,6,CORDOBA AERO,27112020-23
2020-11-28 00:00:00,28112020,0,21.8,72,1010.1,270,4,CORDOBA AERO,28112020-0
2020-11-28 01:00:00,28112020,1,21.8,75,1009.4,0,0,CORDOBA AERO,28112020-1
2020-11-28 02:00:00,28112020,2,21.2,87,1008.6,20,4,CORDOBA AERO,28112020-2
2020-11-28 03:00:00,28112020,3,21.7,74,1007.7,360,6,CORDOBA AERO,28112020-3
2020-11-28 04:00:00,28112020,4,21.8,77,1007.4,20,7,CORDOBA AERO,28112020-4
2020-11-28 05:00:00,28112020,5,22.4,74,1007.8,0,0,CORDOBA AERO,28112020-5
2020-11-28 06:00:00,28112020,6,21.2,84,1008.5,90,4,CORDOBA AERO,28112020-6
2020-11-28 07:00:00,28112020,7,22.0,82,1008.7,0,0,CORDOBA AERO,28112020-7
2020-11-28 08:00:00,28112020,8,23.7,71,1010.0,0,0,CORDOBA AERO,28112020-8
2020-11-28 09:00:00,28112020,9,22.4,88,1010.3,320,7,CORDOBA AERO,28112020-9
2020-11-28 10:00:00,28112020,10,27.0,62,1009.7,0,0,CORDOBA AERO,28112020-10
2020-11-28 11:00:00,28112020,11,28.1,59,1010.3,180,28,CORDOBA AERO,28112020-11
2020-11-28 12:00:00,28112020,12,25.8,59,1010.7,200,15,CORDOBA AERO,28112020-12
2020-11-28 13:00:00,28112020,13,28.4,51,1009.5,140,11,CORDOBA AERO,28112020-13
2020-11-28 14:00:00,28112020,14,29.9,50,1008.3,230,9,CORDOBA AERO,28112020-14
2020-11-28 15:00:00,28112020,15,31.2,40,1007.2,200,13,CORDOBA AERO,28112020-15
2020-11-28 16:00:00,28112020,16,31.8,39,1006.5,90,9,CORDOBA AERO,28112020-16
2020-11-28 17:00:00,28112020,17,31.8,40,1005.7,180,6,CORDOBA AERO,28112020-17
2020-11-28 18:00:00,28112020,18,29.5,46,1005.9,200,6,CORDOBA AERO,28112020-18
2020-11-28 19:00:00,28112020,19,22.0,78,1007.6,360,24,CORDOBA AERO,28112020-19
2020-11-28 20:00:00,28112020,20,21.9,87,1010.5,230,13,CORDOBA AERO,28112020-20
2020-11-28 21:00:00,28112020,21,19.4,92,1012.1,360,11,CORDOBA AERO,28112020-21
2020-11-28 22:00:00,28112020,22,19.6,93,1011.9,270,11,CORDOBA AERO,28112020-22
2020-11-28 23:00:00,28112020,23,19.7,93,1011.7,270,9,CORDOBA AERO,28112020-23
2020-11-29 00:00:00,29112020,0,18.1,98,1012.2,0,0,CORDOBA AERO,29112020-0
2020-11-29 01:00:00,29112020,1,17.6,98,1011.8,360,7,CORDOBA AERO,29112020-1
2020-11-29 02:00:00,29112020,2,18.4,94,1011.0,320,15,CORDOBA AERO,29112020-2
2020-11-29 03:00:00,29112020,3,18.2,94,1009.8,320,11,CORDOBA AERO,29112020-3
2020-11-29 04:00:00,29112020,4,18.4,92,1009.1,360,13,CORDOBA AERO,29112020-4
2020-11-29 05:00:00,29112020,5,18.6,89,1008.8,320,11,CORDOBA AERO,29112020-5
2020-11-29 06:00:00,29112020,6,17.9,90,1009.1,320,9,CORDOBA AERO,29112020-6
2020-11-29 07:00:00,29112020,7,20.5,75,1009.4,340,9,CORDOBA AERO,29112020-7
2020-11-29 08:00:00,29112020,8,23.8,71,1009.4,360,9,CORDOBA AERO,29112020-8
2020-11-29 09:00:00,29112020,9,27.4,59,1009.5,20,13,CORDOBA AERO,29112020-9
2020-11-29 10:00:00,29112020,10,29.4,52,1009.0,50,20,CORDOBA AERO,29112020-10
2020-11-29 11:00:00,29112020,11,31.1,44,1008.2,50,22,CORDOBA AERO,29112020-11
2020-11-29 12:00:00,29112020,12,25.6,81,1008.6,50,22,CORDOBA AERO,29112020-12
2020-11-29 13:00:00,29112020,13,23.5,78,1011.3,180,26,CORDOBA AERO,29112020-13
2020-11-29 14:00:00,29112020,14,18.8,98,1012.8,180,22,CORDOBA AERO,29112020-14
2020-11-29 15:00:00,29112020,15,20.4,95,1012.8,200,20,CORDOBA AERO,29112020-15
2020-11-29 16:00:00,29112020,16,19.7,93,1014.8,200,17,CORDOBA AERO,29112020-16
2020-11-29 17:00:00,29112020,17,19.0,95,1014.3,180,19,CORDOBA AERO,29112020-17
2020-11-29 18:00:00,29112020,18,20.2,88,1013.9,200,17,CORDOBA AERO,29112020-18
2020-11-29 19:00:00,29112020,19,20.4,82,1013.7,230,13,CORDOBA AERO,29112020-19
2020-11-29 20:00:00,29112020,20,19.4,88,1014.0,230,9,CORDOBA AERO,29112020-20
2020-11-29 21:00:00,29112020,21,18.5,90,1015.8,270,6,CORDOBA AERO,29112020-21
2020-11-29 22:00:00,29112020,22,18.1,88,1016.7,290,7,CORDOBA AERO,29112020-22
2020-11-29 23:00:00,29112020,23,19.0,87,1018.0,160,13,CORDOBA AERO,29112020-23
2020-11-30 00:00:00,30112020,0,18.4,83,1018.9,180,11,CORDOBA AERO,30112020-0
2020-11-30 01:00:00,30112020,1,17.6,90,1019.5,290,9,CORDOBA AERO,30112020-1
2020-11-30 02:00:00,30112020,2,16.9,89,1019.3,230,7,CORDOBA AERO,30112020-2
2020-11-30 03:00:00,30112020,3,16.2,93,1018.8,270,9,CORDOBA AERO,30112020-3
2020-11-30 04:00:00,30112020,4,17.4,86,1019.0,250,9,CORDOBA AERO,30112020-4
2020-11-30 05:00:00,30112020,5,17.5,87,1019.8,200,6,CORDOBA AERO,30112020-5
2020-11-30 06:00:00,30112020,6,17.7,81,1020.3,180,9,CORDOBA AERO,30112020-6
2020-11-30 07:00:00,30112020,7,17.5,79,1020.7,200,7,CORDOBA AERO,30112020-7
2020-11-30 08:00:00,30112020,8,17.7,73,1021.4,160,11,CORDOBA AERO,30112020-8
2020-11-30 09:00:00,30112020,9,18.1,70,1022.4,160,7,CORDOBA AERO,30112020-9
2020-11-30 10:00:00,30112020,10,18.8,68,1021.8,190,9,CORDOBA AERO,30112020-10
2020-11-30 11:00:00,30112020,11,20.1,64,1021.3,180,11,CORDOBA AERO,30112020-11
2020-11-30 12:00:00,30112020,12,20.5,66,1020.6,140,11,CORDOBA AERO,30112020-12
2020-11-30 13:00:00,30112020,13,22.1,64,1019.5,120,13,CORDOBA AERO,30112020-13
2020-11-30 14:00:00,30112020,14,22.5,63,1018.7,160,9,CORDOBA AERO,30112020-14
2020-11-30 15:00:00,30112020,15,23.7,61,1017.3,110,11,CORDOBA AERO,30112020-15
2020-11-30 16:00:00,30112020,16,23.9,53,1016.1,130,11,CORDOBA AERO,30112020-16
2020-11-30 17:00:00,30112020,17,23.9,53,1016.1,130,11,CORDOBA AERO,30112020-17
2020-11-30 18:00:00,30112020,18,24.7,46,1014.2,80,13,CORDOBA AERO,30112020-18
2020-11-30 19:00:00,30112020,19,24.0,45,1014.2,70,17,CORDOBA AERO,30112020-19
2020-11-30 20:00:00,30112020,20,21.4,53,1014.9,50,9,CORDOBA AERO,30112020-20
2020-11-30 21:00:00,30112020,21,19.0,67,1015.5,50,9,CORDOBA AERO,30112020-21
2020-11-30 22:00:00,30112020,22,16.3,77,1016.6,360,9,CORDOBA AERO,30112020-22
2020-11-30 23:00:00,30112020,23,16.8,74,1017.1,340,9,CORDOBA AERO,30112020-23
